latitude	longitude	altitude	geometry	rmcSite	rmcDrive	rmcPose	firstSol	lastSol	xCorrected	yCorrected
-14.5658281876601	175.4758369074859		Point	0	0	0	545	1911	-1432.26	-863385.06
-14.5658281876601	175.4758369074859		Point	0	0	1	1	1	-1432.26	-863385.06
-14.5658281876601	175.4758369074859		Point	1	0	0	2	2	-1432.26	-863385.06
-14.5658281876601	175.4758369074859		Point	2	0	2	3	6	-1432.26	-863385.06
-14.5658281876601	175.4758369074859		Point	2	3	0	6	6	-1432.26	-863385.06
-14.56582717542381	175.4758369074859		Point	2	11	0	7	8	-1432.26	-863385
-14.56582717542381	175.4758369074859		Point	2	11	10	8	10	-1432.26	-863385
-14.565822282948398	175.47583673877986		Point	2	14	0	10	10	-1432.27	-863384.71
-14.565822282948398	175.47583673877986		Point	2	34	0	11	11	-1432.27	-863384.71
-14.565822282948398	175.47583673877986		Point	2	39	0	12	12	-1432.27	-863384.71
-14.565801532104421	175.47579692415238		Point	3	9	13	13	14	-1434.63	-863383.48
-14.565801532104421	175.47579692415238		Point	3	9	33	14	15	-1434.63	-863383.48
-14.565799001513694	175.47578562084715		Point	3	13	0	15	15	-1435.3	-863383.33
-14.565827512835904	175.47578224672617		Point	3	27	12	17	17	-1435.5	-863385.02
-14.565827512835904	175.47578224672617		Point	3	27	105	34	35	-1435.5	-863385.02
-14.565827512835904	175.47578224672617		Point	3	27	165	35	36	-1435.5	-863385.02
-14.56580693069798	175.47578174060803		Point	3	29	0	36	36	-1435.53	-863383.8
-14.565884704186374	175.47584837949722		Point	3	73	0	37	37	-1431.58	-863388.41
-14.56578769820844	175.47609924539145		Point	4	0	8	39	39	-1416.71	-863382.66
-14.565594361076766	175.47645892668703		Point	5	6	0	40	41	-1395.39	-863371.2
-14.565594361076766	175.47645892668703		Point	5	6	8	41	41	-1395.39	-863371.2
-14.565595204607009	175.47645960151124		Point	5	14	34	42	43	-1395.35	-863371.25
-14.565595204607009	175.47645960151124		Point	5	14	53	43	43	-1395.35	-863371.25
-14.565303174436913	175.47672818154058		Point	7	0	27	44	44	-1379.43	-863353.94
-14.565020423099496	175.47693029138676		Point	8	0	28	45	45	-1367.45	-863337.18
-14.56477225650203	175.47716664856083		Point	9	0	22	46	46	-1353.44	-863322.47
-14.56477225650203	175.47716664856083		Point	9	0	49	47	47	-1353.44	-863322.47
-14.56477343744437	175.47716361185195		Point	9	167	44	48	48	-1353.62	-863322.54
-14.56477343744437	175.47716361185195		Point	9	167	68	49	50	-1353.62	-863322.54
-14.56477343744437	175.47716361185195		Point	9	167	112	50	50	-1353.62	-863322.54
-14.564355215149936	175.47754016375237		Point	10	116	0	51	51	-1331.3	-863297.75
-14.564258715290148	175.47760579040528		Point	11	0	21	52	52	-1327.41	-863292.03
-14.564204560648554	175.47763008407628		Point	11	24	0	53	54	-1325.97	-863288.82
-14.564204560648554	175.47763008407628		Point	11	24	52	54	54	-1325.97	-863288.82
-14.564177736386828	175.4776957107292		Point	11	45	19	55	55	-1322.08	-863287.23
-14.56417857991707	175.4776953733171		Point	11	55	0	56	57	-1322.1	-863287.28
-14.56417857991707	175.4776953733171		Point	11	55	23	57	59	-1322.1	-863287.28
-14.56417857991707	175.4776953733171		Point	11	55	73	59	60	-1322.1	-863287.28
-14.56417857991707	175.4776953733171		Point	11	55	111	60	60	-1322.1	-863287.28
-14.563843529704592	175.47798689736902		Point	12	0	0	61	62	-1304.82	-863267.42
-14.563613752066425	175.47825682704675		Point	12	160	0	62	62	-1288.82	-863253.8
-14.563605485470044	175.47826796164597		Point	13	0	23	63	63	-1288.16	-863253.31
-14.563097174145668	175.47897517740162		Point	14	180	0	64	64	-1246.24	-863223.18
-14.563097174145668	175.47897517740162		Point	15	0	31	65	65	-1246.24	-863223.18
-14.562612144255995	175.4794011601743		Point	17	0	0	66	67	-1220.99	-863194.43
-14.562571823510387	175.47955383914825		Point	17	144	0	67	67	-1211.94	-863192.04
-14.562564906562393	175.47956564857165		Point	18	0	31	70	71	-1211.24	-863191.63
-14.562858792499023	175.4795713845773		Point	18	110	0	71	71	-1210.9	-863209.05
-14.562851369432884	175.47958842388823		Point	19	57	0	72	72	-1209.89	-863208.61
-14.562841753188115	175.47960040201764		Point	20	0	40	73	74	-1209.18	-863208.04
-14.562841753188115	175.47960040201764		Point	20	0	76	74	74	-1209.18	-863208.04
-14.563237537578088	175.4803138598971		Point	21	186	0	75	75	-1166.89	-863231.5
-14.563244285820032	175.48032634414471		Point	22	0	16	76	76	-1166.15	-863231.9
-14.563307550588249	175.4803926456218		Point	22	24	30	77	77	-1162.22	-863235.65
-14.563301139758403	175.48040631081173		Point	22	32	16	78	79	-1161.41	-863235.27
-14.563301139758403	175.48040631081173		Point	22	32	60	79	80	-1161.41	-863235.27
-14.563301139758403	175.48040631081173		Point	22	32	125	80	81	-1161.41	-863235.27
-14.563301139758403	175.48040631081173		Point	22	32	171	81	81	-1161.41	-863235.27
-14.563301139758403	175.48040631081173		Point	22	32	201	82	82	-1161.41	-863235.27
-14.563301139758403	175.48040631081173		Point	22	32	306	83	85	-1161.41	-863235.27
-14.563301139758403	175.48040631081173		Point	22	32	321	85	85	-1161.41	-863235.27
-14.563301139758403	175.48040631081173		Point	22	32	394	86	86	-1161.41	-863235.27
-14.563488909590474	175.48014076749126		Point	22	300	0	87	87	-1177.15	-863246.4
-14.563704684626607	175.48001913043024		Point	23	164	0	88	88	-1184.36	-863259.19
-14.56372695382502	175.4800324582081		Point	24	0	16	89	89	-1183.57	-863260.51
-14.564278116485736	175.48071706735323		Point	25	104	0	90	90	-1142.99	-863293.18
-14.564290938145428	175.48073326313389		Point	26	6	0	91	91	-1142.03	-863293.94
-14.564299710859952	175.48074220455445		Point	27	0	38	93	93	-1141.5	-863294.46
-14.564299710859952	175.48074220455445		Point	27	0	131	99	100	-1141.5	-863294.46
-14.564299710859952	175.48074220455445		Point	27	0	141	100	100	-1141.5	-863294.46
-14.565078964098351	175.48213858451854		Point	28	170	0	101	101	-1058.73	-863340.65
-14.56584016578955	175.48325255055735		Point	29	224	0	103	103	-992.7	-863385.77
-14.56642372001159	175.4834033737648		Point	30	0	10	105	105	-983.76	-863420.36
-14.566819166989465	175.4845939323496		Point	31	376	0	107	107	-913.19	-863443.8
-14.56686471762258	175.48539764796504		Point	32	258	0	108	108	-865.55	-863446.5
-14.566675092023976	175.48583898298813		Point	33	302	0	109	109	-839.39	-863435.26
-14.56694586523195	175.48627407588745		Point	34	0	15	110	110	-813.6	-863451.31
-14.5678197625636	175.48757041316472		Point	35	134	0	111	111	-736.76	-863503.11
-14.568652158207298	175.48875000585642		Point	36	534	0	112	112	-666.84	-863552.45
-14.568899481274519	175.489050808741		Point	37	0	29	113	113	-649.01	-863567.11
-14.56889813162613	175.48904659108982		Point	37	182	44	114	114	-649.26	-863567.03
-14.568893913974918	175.48903275719383		Point	37	184	0	116	116	-650.08	-863566.78
-14.56949147079899	175.49102939327878		Point	38	156	0	117	117	-531.73	-863602.2
-14.570013109901202	175.49142517766876		Point	39	164	0	118	118	-508.27	-863633.12
-14.570342930226179	175.49236470165332		Point	40	208	0	120	120	-452.58	-863652.67
-14.57128802151033	175.49231020959962		Point	41	202	0	121	121	-455.81	-863708.69
-14.571699158150725	175.49246727493085		Point	42	4	26	122	122	-446.5	-863733.06
-14.572941678198523	175.49440891284397		Point	43	264	0	123	123	-331.41	-863806.71
-14.573471415191069	175.49571385412972		Point	44	190	0	124	124	-254.06	-863838.11
-14.57444636744582	175.49655468507586		Point	45	260	0	125	125	-204.22	-863895.9
-14.57525008306126	175.49719812994516		Point	46	0	26	126	126	-166.08	-863943.54
-14.575450843259071	175.49870838649204		Point	47	234	0	127	127	-76.56	-863955.44
-14.576052955146457	175.49986199845225		Point	48	282	0	128	128	-8.18	-863991.13
-14.57651504101352	175.50071666329438		Point	49	134	0	129	129	42.48	-864018.52
-14.576791044109	175.50131978741803		Point	50	188	0	130	130	78.23	-864034.88
-14.576955869918464	175.50157891990867		Point	52	0	0	132	133	93.59	-864044.65
-14.577322636868079	175.5019870198402		Point	52	158	0	133	133	117.78	-864066.39
-14.578323232442212	175.50371440107162		Point	53	238	0	134	134	220.17	-864125.7
-14.578811467746807	175.50447847076563		Point	54	182	0	135	141	265.46	-864154.64
-14.578811467746807	175.5044637933394		Point	54	186	0	141	142	264.59	-864154.64
-14.57907836071566	175.50477606823534		Point	54	300	0	142	142	283.1	-864170.46
-14.579911768595654	175.50615405924015		Point	55	286	0	143	143	364.78	-864219.86
-14.579788107062045	175.5065053052333		Point	56	108	0	144	144	385.6	-864212.53
-14.580278704251317	175.5070259320992		Point	57	192	0	145	145	416.46	-864241.61
-14.581033326406622	175.50831585854667		Point	58	162	0	146	146	492.92	-864286.34
-14.581416626549	175.5093203343599		Point	59	176	0	147	147	552.46	-864309.06
-14.582146111503064	175.51028027177634		Point	60	316	0	148	148	609.36	-864352.3
-14.582141050321605	175.51029343084812		Point	62	0	0	150	151	610.14	-864352
-14.582856701379688	175.51120208162578		Point	63	0	0	151	152	664	-864394.42
-14.58353759899176	175.51227640174315		Point	64	6	0	152	153	727.68	-864434.78
-14.58390149793855	175.51270913275778		Point	64	186	0	153	153	753.33	-864456.35
-14.584431066225045	175.5136017564608		Point	65	196	0	154	154	806.24	-864487.74
-14.584752451247592	175.51392769654666		Point	67	0	0	155	156	825.56	-864506.79
-14.584975311937768	175.51450298417234		Point	68	0	0	156	157	859.66	-864520
-14.584975311937768	175.51450298417234		Point	68	0	26	158	158	859.66	-864520
-14.585000617845054	175.51454397974214		Point	68	30	0	159	159	862.09	-864521.5
-14.585013945622894	175.5145411117393		Point	69	4	0	162	164	861.92	-864522.29
-14.585000786551104	175.51453537573366		Point	69	8	0	164	164	861.58	-864521.51
-14.58502744210678	175.51450129711182		Point	69	62	0	165	166	859.56	-864523.09
-14.58502744210678	175.51450129711182		Point	69	62	21	166	166	859.56	-864523.09
-14.58504549365398	175.5145112507687		Point	69	96	0	167	168	860.15	-864524.16
-14.585047518126562	175.51450298417234		Point	69	104	0	168	172	859.66	-864524.28
-14.585047518126562	175.51450298417234		Point	69	104	170	172	173	859.66	-864524.28
-14.585041107296714	175.51449741687273		Point	69	108	0	173	176	859.33	-864523.9
-14.585041107296714	175.51449741687273		Point	69	108	88	176	176	859.33	-864523.9
-14.585041107296714	175.51449741687273		Point	69	108	164	177	178	859.33	-864523.9
-14.58504076988462	175.51449471757593		Point	69	120	0	178	181	859.17	-864523.88
-14.58504076988462	175.51449471757593		Point	69	120	22	181	181	859.17	-864523.88
-14.584899562921956	175.51444815470654		Point	70	0	0	182	183	856.41	-864515.51
-14.584910528815115	175.51444731117627		Point	70	34	0	183	184	856.36	-864516.16
-14.584910191403017	175.51444680505816		Point	70	45	0	184	184	856.33	-864516.14
-14.584909853990919	175.5144466363521		Point	70	100	0	187	187	856.32	-864516.12
-14.584758187253245	175.5144351643408		Point	71	0	0	188	189	855.64	-864507.13
-14.584594879798217	175.51446350695696		Point	72	0	0	189	190	857.32	-864497.45
-14.584561813412696	175.51446553142952		Point	72	6	0	190	190	857.44	-864495.49
-14.584393107364114	175.51446553142952		Point	73	0	31	191	191	857.44	-864485.49
-14.584443887884737	175.5148255501372		Point	75	0	0	192	193	878.78	-864488.5
-14.584443887884737	175.5148255501372		Point	75	0	17	193	193	878.78	-864488.5
-14.584421956098423	175.51482571884327		Point	76	0	21	194	194	878.79	-864487.2
-14.584421956098423	175.51482571884327		Point	76	0	99	195	195	878.79	-864487.2
-14.58440778479034	175.51482504401906		Point	76	2	0	200	200	878.75	-864486.36
-14.584746883947988	175.51485996617112		Point	78	0	0	201	202	880.82	-864506.46
-14.58511550666414	175.51498548347126		Point	79	0	0	202	203	888.26	-864528.31
-14.585327232755107	175.51509480499075		Point	80	0	0	203	204	894.74	-864540.86
-14.585330944288177	175.51509176828185		Point	81	0	0	204	205	894.56	-864541.08
-14.585421708142313	175.51513512573635		Point	82	0	0	206	206	897.13	-864546.46
-14.585396402235027	175.51518202601787		Point	84	0	0	209	210	899.91	-864544.96
-14.585413441545933	175.5151848940207		Point	85	0	0	210	212	900.08	-864545.97
-14.585413441545933	175.5151848940207		Point	85	0	19	212	213	900.08	-864545.97
-14.585413441545933	175.5151848940207		Point	85	0	110	213	215	900.08	-864545.97
-14.585413441545933	175.5151848940207		Point	85	0	223	215	216	900.08	-864545.97
-14.585413441545933	175.5151848940207		Point	85	0	254	216	218	900.08	-864545.97
-14.585413441545933	175.5151848940207		Point	85	0	316	218	223	900.08	-864545.97
-14.585416478254807	175.51518455660857		Point	85	12	0	223	225	900.06	-864546.15
-14.585416478254807	175.51518455660857		Point	85	12	53	225	225	900.06	-864546.15
-14.585403319183019	175.51523297524452		Point	85	42	0	226	227	902.93	-864545.37
-14.585403319183019	175.51523297524452		Point	85	42	24	227	227	902.93	-864545.37
-14.585421876848361	175.51524799008286		Point	86	0	21	228	229	903.82	-864546.47
-14.585421876848361	175.51524799008286		Point	86	0	136	229	229	903.82	-864546.47
-14.585421876848361	175.51524799008286		Point	86	0	192	230	230	903.82	-864546.47
-14.58540669330399	175.51523803642598		Point	86	12	0	237	238	903.23	-864545.57
-14.58543874745322	175.51538244880356		Point	87	0	0	239	239	911.79	-864547.47
-14.585423732614895	175.51540573023829		Point	88	0	34	240	240	913.17	-864546.58
-14.585423732614895	175.51540573023829		Point	88	0	126	258	259	913.17	-864546.58
-14.585423732614895	175.51540573023829		Point	88	0	193	259	261	913.17	-864546.58
-14.585442121574193	175.51538582292454		Point	88	15	0	261	263	911.99	-864547.67
-14.585337861236168	175.5154040431778		Point	88	45	0	263	264	913.07	-864541.49
-14.58527729576473	175.51541230977418		Point	88	100	0	264	265	913.56	-864537.9
-14.585289105188128	175.51542057637056		Point	89	0	0	265	266	914.05	-864538.6
-14.585289105188128	175.51542057637056		Point	89	0	20	266	268	914.05	-864538.6
-14.585289105188128	175.51542057637056		Point	89	0	29	268	270	914.05	-864538.6
-14.585289105188128	175.51542057637056		Point	89	11	0	271	271	914.05	-864538.6
-14.58530091461153	175.5154421707448		Point	89	53	24	272	272	915.33	-864539.3
-14.58530091461153	175.5154421707448		Point	89	53	142	273	273	915.33	-864539.3
-14.585260593865918	175.51545532981658		Point	89	82	0	277	281	916.11	-864536.91
-14.585208463696906	175.51549025196863		Point	89	87	0	281	283	918.18	-864533.82
-14.585208463696906	175.51549025196863		Point	89	87	18	283	283	918.18	-864533.82
-14.585208463696906	175.51549025196863		Point	89	87	122	285	287	918.18	-864533.82
-14.585196654273508	175.51550189268596		Point	89	92	0	292	296	918.87	-864533.12
-14.585200028394476	175.51547861125127		Point	89	102	0	296	296	917.49	-864533.32
-14.58520340251545	175.5154620780585		Point	89	118	0	297	304	916.51	-864533.52
-14.58520340251545	175.51547861125127		Point	89	126	0	304	304	917.49	-864533.52
-14.585164937536373	175.51567616603415		Point	89	206	0	305	306	929.2	-864531.24
-14.585057471783427	175.51585060808839		Point	90	0	0	306	310	939.54	-864524.87
-14.585088007578221	175.51611125893345		Point	90	130	0	310	310	954.99	-864526.68
-14.584956922978474	175.5163305767966		Point	91	176	0	311	312	967.99	-864518.91
-14.584803906592407	175.51651024873834		Point	92	0	0	312	313	978.64	-864509.84
-14.58467299069871	175.516956982355		Point	93	0	0	313	317	1005.12	-864502.08
-14.58449854864448	175.5175501528218		Point	94	0	0	317	325	1040.28	-864491.74
-14.584428366928268	175.51800515303484		Point	95	0	0	325	326	1067.25	-864487.58
-14.584145953002944	175.51839739459777		Point	96	0	0	326	328	1090.5	-864470.84
-14.583907402650249	175.51874982153328		Point	97	0	0	328	330	1111.39	-864456.7
-14.583766364393636	175.51911017765303		Point	98	0	0	330	331	1132.75	-864448.34
-14.583722838233102	175.51931937315325		Point	99	0	0	331	332	1145.15	-864445.76
-14.583724525293587	175.5193261213952		Point	99	46	0	332	333	1145.55	-864445.86
-14.583724525293587	175.5193261213952		Point	99	46	55	333	334	1145.55	-864445.86
-14.583724525293587	175.5193261213952		Point	99	46	145	334	334	1145.55	-864445.86
-14.583707654688729	175.51931279361736		Point	99	52	0	337	337	1144.76	-864444.86
-14.583774968402114	175.51927787146533		Point	101	0	0	338	339	1142.69	-864448.85
-14.583774968402114	175.51927787146533		Point	102	0	0	339	340	1142.69	-864448.85
-14.583774968402114	175.51927787146533		Point	102	1	0	340	342	1142.69	-864448.85
-14.583774968402114	175.51927787146533		Point	102	1	36	342	343	1142.69	-864448.85
-14.583774968402114	175.51927787146533		Point	102	1	57	343	343	1142.69	-864448.85
-14.583773281341626	175.51927787146533		Point	102	8	0	344	345	1142.69	-864448.75
-14.583769907220654	175.51927787146533		Point	102	15	0	345	346	1142.69	-864448.55
-14.5837648460392	175.51927618440482		Point	102	25	0	346	348	1142.59	-864448.25
-14.5837648460392	175.51927618440482		Point	102	25	57	348	350	1142.59	-864448.25
-14.5837648460392	175.51927618440482		Point	102	25	88	350	350	1142.59	-864448.25
-14.583786777825514	175.51920650880677		Point	102	51	0	351	351	1138.46	-864449.55
-14.583793526067456	175.51922810318098		Point	102	69	87	353	355	1139.74	-864449.95
-14.583793526067456	175.51922810318098		Point	102	69	161	355	358	1139.74	-864449.95
-14.583795213127944	175.51923636977736		Point	102	73	0	358	360	1140.23	-864450.05
-14.58378002958357	175.5192861380617		Point	102	93	0	360	360	1143.18	-864449.15
-14.583796900188428	175.51938736169083		Point	102	139	0	363	364	1149.18	-864450.15
-14.583755061088382	175.51949212814702		Point	102	174	0	364	365	1155.39	-864447.67
-14.583665984294731	175.5196149461504		Point	102	225	0	365	366	1162.67	-864442.39
-14.583693145968551	175.51981908046918		Point	102	283	0	366	367	1174.77	-864444
-14.583747131904097	175.52003637385974		Point	102	341	0	367	371	1187.65	-864447.2
-14.583819506798939	175.52008782920456		Point	102	377	0	371	372	1190.7	-864451.49
-14.583819506798939	175.52008782920456		Point	102	377	58	372	373	1190.7	-864451.49
-14.583819506798939	175.52008782920456		Point	102	377	120	373	373	1190.7	-864451.49
-14.58381005926022	175.52007095859972		Point	102	381	0	381	381	1189.7	-864450.93
-14.583959364113213	175.52027357456404		Point	102	461	0	382	385	1201.71	-864459.78
-14.583959364113213	175.52027357456404		Point	102	461	55	385	386	1201.71	-864459.78
-14.583939119387383	175.5202703691491		Point	102	465	0	386	388	1201.52	-864458.58
-14.584038487249996	175.52035489087947		Point	102	513	0	388	390	1206.53	-864464.47
-14.584153038656982	175.52045611450862		Point	103	0	0	390	392	1212.53	-864471.26
-14.584265734297436	175.52058888616884		Point	104	0	0	392	394	1220.4	-864477.94
-14.58432815553541	175.52066176718185		Point	104	32	0	394	398	1224.72	-864481.64
-14.584345026140268	175.52073312984038		Point	105	0	0	398	399	1228.95	-864482.64
-14.584345026140268	175.52073312984038		Point	105	0	26	399	399	1228.95	-864482.64
-14.584345026140268	175.52071980206256		Point	106	0	22	400	404	1228.16	-864482.64
-14.584326468474925	175.52075809833556		Point	106	18	0	404	404	1230.43	-864481.54
-14.584564006591327	175.5209902378584		Point	107	56	0	406	407	1244.19	-864495.62
-14.58455894540987	175.5210283654254		Point	107	76	0	407	409	1246.45	-864495.32
-14.584580877196185	175.52103511366735		Point	108	0	0	409	414	1246.85	-864496.62
-14.584577503075216	175.52104675438468		Point	108	8	0	414	415	1247.54	-864496.42
-14.584576538729173	175.52104258589603		Point	108	8	52	415	419	1247.2929140957	-864496.36283868
-14.584576538729173	175.52104258589603		Point	108	8	194	419	419	1247.2929140957	-864496.36283868
-14.584491631696485	175.5209273105023		Point	108	44	0	420	421	1240.46	-864491.33
-14.584402554902836	175.52078644095172		Point	108	84	0	421	421	1232.11	-864486.05
-14.58432815553541	175.52071490958713		Point	108	139	0	424	426	1227.87	-864481.64
-14.58432815553541	175.52071490958713		Point	108	139	14	426	426	1227.87	-864481.64
-14.58432815553541	175.52071490958713		Point	108	139	56	428	429	1227.87	-864481.64
-14.58432815553541	175.52071490958713		Point	108	139	186	429	429	1227.87	-864481.64
-14.584323263060002	175.5207199707686		Point	108	141	0	431	431	1228.17	-864481.35
-14.584555571288899	175.52098197126205		Point	108	255	0	434	436	1243.7	-864495.12
-14.5849004064522	175.52086235867358		Point	108	365	0	436	437	1236.61	-864515.56
-14.5849004064522	175.52086235867358		Point	109	0	0	437	439	1236.61	-864515.56
-14.584940727197809	175.52082912358202		Point	109	12	0	439	440	1234.64	-864517.95
-14.584957597802667	175.5208141087437		Point	109	18	0	440	441	1233.75	-864518.95
-14.584976155468013	175.5207974068449		Point	109	28	0	441	442	1232.76	-864520.05
-14.585082102866519	175.520637979629		Point	109	78	0	442	444	1223.31	-864526.33
-14.585134233035534	175.52065451282172		Point	109	136	0	444	449	1224.29	-864529.42
-14.585137607156502	175.52065282576126		Point	109	152	0	453	454	1224.19	-864529.62
-14.585135920096018	175.52063123138703		Point	109	174	0	454	455	1222.91	-864529.52
-14.585004666790223	175.5207311053678		Point	109	240	0	455	456	1228.83	-864521.74
-14.585004666790223	175.52068116837742		Point	109	284	0	456	457	1225.87	-864521.74
-14.585002857399765	175.52068526992474		Point	109	284	18	457	460	1226.1131179775	-864521.632748928
-14.585002857399765	175.52068526992474		Point	109	284	177	460	460	1226.1131179775	-864521.632748928
-14.584846420516653	175.52068302414395		Point	109	366	0	462	467	1225.98	-864512.36
-14.584821114609364	175.52070461851818		Point	109	392	0	467	470	1227.26	-864510.86
-14.58483123697228	175.5206946648613		Point	109	396	0	473	473	1226.67	-864511.46
-14.584814366367421	175.52069635192177		Point	110	4	0	474	475	1226.77	-864510.46
-14.5848146441381	175.52069645692097		Point	110	4	23	475	475	1226.7762237958	-864510.476464773
-14.58483967227471	175.52068639826493		Point	110	10	0	476	476	1226.18	-864511.96
-14.584856542879566	175.52078930895456		Point	110	138	0	480	481	1232.28	-864512.96
-14.584857114379336	175.52078965822395		Point	110	138	20	481	481	1232.3007028377	-864512.993875476
-14.584857114379336	175.52078965822395		Point	110	138	188	482	484	1232.3007028377	-864512.993875476
-14.584757343723002	175.52094721781603		Point	110	190	0	487	488	1241.64	-864507.08
-14.584686993300743	175.52110630761982		Point	110	244	0	488	490	1251.07	-864502.91
-14.584673496816857	175.52110462055936		Point	110	258	0	490	491	1250.97	-864502.11
-14.584675518876487	175.52110492300355		Point	110	258	22	491	491	1250.9879272879	-864502.229856973
-14.584675518876487	175.52110492300355		Point	110	258	78	492	494	1250.9879272879	-864502.229856973
-14.584675518876487	175.52110492300355		Point	110	258	130	494	494	1250.9879272879	-864502.229856973
-14.58468404374585	175.52107504305798		Point	110	306	22	495	497	1249.2168025526	-864502.735166026
-14.58468404374585	175.52107504305798		Point	110	306	154	497	500	1249.2168025526	-864502.735166026
-14.584924025298998	175.52085561043162		Point	110	406	0	503	507	1236.21	-864516.96
-14.584885222907825	175.52080415508684		Point	110	432	0	507	508	1233.16	-864514.66
-14.584885222907825	175.52080246802635		Point	110	436	0	508	513	1233.06	-864514.66
-14.584869870657403	175.52061824102128		Point	110	500	0	513	514	1222.14	-864513.75
-14.58484793887109	175.52060997442493		Point	110	508	0	514	514	1221.65	-864512.45
-14.585093406171776	175.5200667409485		Point	111	70	0	515	516	1189.45	-864527
-14.585162238239596	175.5198806581769		Point	111	120	0	516	520	1178.42	-864531.08
-14.585672067918408	175.519710939892		Point	111	263	0	520	521	1168.36	-864561.3
-14.585806695345175	175.5196792231549		Point	111	301	0	521	523	1166.48	-864569.28
-14.585993621647004	175.5197257860243		Point	111	351	0	523	524	1169.24	-864580.36
-14.586419435713621	175.51985180944257		Point	112	0	0	524	527	1176.71	-864605.6
-14.586608049075936	175.51998474980888		Point	112	100	0	527	528	1184.59	-864616.78
-14.586599782479556	175.5200046571226		Point	112	116	0	528	528	1185.77	-864616.29
-14.58663149921669	175.5199960531141		Point	112	126	36	529	529	1185.26	-864618.17
-14.58663149921669	175.5199960531141		Point	112	126	82	532	533	1185.26	-864618.17
-14.58663149921669	175.5199960531141		Point	112	126	182	533	536	1185.26	-864618.17
-14.586629980862252	175.51999470346576		Point	112	145	0	536	538	1185.18	-864618.08
-14.586629841733007	175.51999478640676		Point	112	145	22	538	538	1185.1849163036	-864618.071753156
-14.586616484378366	175.51999959594116		Point	112	151	0	543	544	1185.47	-864617.28
-14.586611929315053	175.520426253538		Point	112	261	0	544	547	1210.76	-864617.01
-14.586713152944203	175.52056560473414		Point	112	315	0	547	548	1219.02	-864623.01
-14.58700619535059	175.5206983763944		Point	112	395	0	548	549	1226.89	-864640.38
-14.58725571159644	175.52114494130498		Point	113	0	0	549	550	1253.36	-864655.17
-14.587289452806157	175.5212029761857		Point	113	24	0	550	550	1256.8	-864657.17
-14.587331629318301	175.52126438518738		Point	113	56	0	551	553	1260.44	-864659.67
-14.587331608059431	175.52126484335253		Point	113	56	85	553	556	1260.4671576011	-864659.668739887
-14.587331608059431	175.52126484335253		Point	113	56	197	556	556	1260.4671576011	-864659.668739887
-14.587326568136845	175.52127265178373		Point	113	92	0	562	565	1260.93	-864659.37
-14.587326562157243	175.5212750159414		Point	113	92	189	565	565	1261.0701347305	-864659.369645561
-14.587325059811711	175.5213090832649		Point	113	114	88	567	573	1263.0894650256	-864659.280594484
-14.587390676435305	175.52132090171364		Point	113	136	0	573	573	1263.79	-864663.17
-14.587692660262263	175.52185688082997		Point	113	293	0	576	576	1295.56	-864681.07
-14.587519736562468	175.52231660481237		Point	113	405	0	578	581	1322.81	-864670.82
-14.587343776153798	175.52301538526558		Point	113	581	0	581	582	1364.23	-864660.39
-14.587360815464706	175.52328092858605		Point	114	0	0	582	583	1379.97	-864661.4
-14.587360815464706	175.52328092858605		Point	114	3	0	583	589	1379.97	-864661.4
-14.587375999009078	175.52329577471832		Point	114	7	0	589	589	1380.85	-864662.3
-14.587895107520561	175.5235822375888		Point	114	155	0	590	591	1397.83	-864693.07
-14.587898481641533	175.5235822375888		Point	114	177	0	591	592	1397.83	-864693.27
-14.58779101588859	175.5237662958878		Point	114	231	0	592	598	1408.74	-864686.9
-14.587741585016353	175.52341994237008		Point	114	295	0	598	599	1388.21	-864683.97
-14.587744959137325	175.52333862605468		Point	114	333	0	599	600	1383.39	-864684.17
-14.587745191511097	175.5233387547471		Point	114	333	22	600	603	1383.3976282051	-864684.183773885
-14.587757274678873	175.52334976065387		Point	114	337	0	603	603	1384.05	-864684.9
-14.587265665253307	175.523568909811		Point	114	537	0	605	605	1397.04	-864655.76
-14.587260778496747	175.52356402550686		Point	114	541	16	607	611	1396.750484351	-864655.470338983
-14.587260778496747	175.52356402550686		Point	114	541	123	611	612	1396.750484351	-864655.470338983
-14.587267352313791	175.52357397099243		Point	114	545	0	612	612	1397.34	-864655.86
-14.586989999569925	175.52365798660463		Point	114	633	0	616	618	1402.32	-864639.42
-14.586983588740079	175.5237440266894		Point	114	657	0	618	618	1407.42	-864639.04
-14.586909695490801	175.5237985187431		Point	114	727	0	619	623	1410.65	-864634.66
-14.586909358078703	175.5237985187431		Point	114	727	33	623	624	1410.65	-864634.64
-14.587017161243745	175.5237109603039		Point	114	804	0	624	625	1405.46	-864641.03
-14.586971779316677	175.5237224323152		Point	114	852	0	625	626	1406.14	-864638.34
-14.586971779316677	175.52372411937566		Point	114	880	0	626	633	1406.24	-864638.34
-14.586971796668667	175.52372372715416		Point	114	880	130	633	633	1406.2167511886	-864638.341028534
-14.58700029063889	175.52369594546556		Point	114	890	0	634	635	1404.57	-864640.03
-14.586818931636666	175.52449038224833		Point	115	0	0	635	637	1451.66	-864629.28
-14.586794469259619	175.52480822444386		Point	116	0	0	637	638	1470.5	-864627.83
-14.586839345068542	175.52523353239235		Point	117	0	0	638	639	1495.71	-864630.49
-14.586826523408849	175.52550514913054		Point	118	0	0	639	642	1511.81	-864629.73
-14.586762583816435	175.5255581228298		Point	118	38	0	642	649	1514.95	-864625.94
-14.5867548233382	175.52579313035545		Point	118	106	0	649	651	1528.88	-864625.48
-14.586630655686445	175.5259835994843		Point	118	158	0	651	655	1540.17	-864618.12
-14.586883546053269	175.52749841109454		Point	119	0	0	655	658	1629.96	-864633.11
-14.587294007869467	175.52736580814036		Point	119	95	0	658	659	1622.1	-864657.44
-14.587172708220539	175.5273823413331		Point	119	137	0	659	664	1623.08	-864650.25
-14.587184517643937	175.52739229498997		Point	119	139	0	664	664	1623.67	-864650.95
-14.588113413147427	175.52785033191188		Point	119	451	0	665	666	1650.82	-864706.01
-14.588671324050084	175.5282019153171		Point	119	545	0	666	667	1671.66	-864739.08
-14.588874614838625	175.5279906953443		Point	119	603	0	667	670	1659.14	-864751.13
-14.588705740083997	175.5277622673545		Point	119	669	0	670	671	1645.6	-864741.12
-14.588633196483105	175.52768111974515		Point	119	707	0	671	673	1640.79	-864736.82
-14.588633802489333	175.52768199312018		Point	119	707	80	673	676	1640.8417690418	-864736.855920836
-14.588633802489333	175.52768199312018		Point	119	707	142	676	678	1640.8417690418	-864736.855920836
-14.588640619549244	175.52768837410522		Point	119	709	0	678	678	1641.22	-864737.26
-14.589455132351793	175.52781625329004		Point	119	898	0	680	685	1648.8	-864785.54
-14.589645095362496	175.52773021320527		Point	119	954	0	685	685	1643.7	-864796.8
-14.589654533937711	175.5277187178259		Point	119	962	80	688	690	1643.0186148649	-864797.359468691
-14.589654533937711	175.5277187178259		Point	119	962	168	690	690	1643.0186148649	-864797.359468691
-14.590206549092171	175.52825202101354		Point	120	0	0	692	693	1674.63	-864830.08
-14.59073814185125	175.5280448499859		Point	120	146	0	693	694	1662.35	-864861.59
-14.591032702612074	175.52744054491987		Point	120	245	0	694	697	1626.53	-864879.05
-14.591094786437953	175.5273281866915		Point	120	295	0	697	699	1619.87	-864882.73
-14.59109494222623	175.52734912251088		Point	120	295	106	699	703	1621.1109643606	-864882.739234303
-14.591096473498437	175.5273396587028		Point	120	297	0	704	704	1620.55	-864882.83
-14.591328781727336	175.52611046643287		Point	120	775	0	705	706	1547.69	-864896.6
-14.591783950646406	175.52566693823113		Point	121	0	0	706	707	1521.4	-864923.58
-14.591783950646406	175.52566693823113		Point	121	0	16	707	710	1521.4	-864923.58
-14.591783950646406	175.52566693823113		Point	121	0	89	710	710	1521.4	-864923.58
-14.591792385948834	175.5256785789485		Point	121	2	0	711	711	1522.09	-864924.08
-14.59226864312398	175.52635424667307		Point	121	166	0	712	713	1562.14	-864952.31
-14.593276155646105	175.52677584308844		Point	121	378	0	713	714	1587.13	-865012.03
-14.59398219045942	175.52716589147278		Point	122	0	0	714	716	1610.25	-865053.88
-14.594473462472886	175.52707192220373		Point	122	195	0	716	717	1604.68	-865083
-14.594490333077745	175.52706196854683		Point	122	204	0	717	719	1604.09	-865084
-14.59445304904101	175.5269475858459		Point	122	267	0	719	721	1597.31	-865081.79
-14.594431117254691	175.52697744681652		Point	122	297	0	721	723	1599.08	-865080.49
-14.594431117254691	175.52697744681652		Point	122	297	45	724	725	1599.08	-865080.49
-14.594431117254691	175.52697744681652		Point	122	297	94	725	726	1599.08	-865080.49
-14.594417620770805	175.5269691802201		Point	122	329	0	726	727	1598.59	-865079.69
-14.594346764230403	175.5268878639047		Point	122	429	0	727	728	1593.77	-865075.49
-14.594984641800089	175.52689832367972		Point	122	614	0	728	730	1594.39	-865113.3
-14.595139682658733	175.52698149576167		Point	123	0	0	730	732	1599.32	-865122.49
-14.595624881254453	175.5271923783224		Point	123	171	0	732	733	1611.82	-865151.25
-14.596307972045159	175.5270471224146		Point	123	253	0	733	734	1603.21	-865191.74
-14.596432308402964	175.52695433408786		Point	123	282	0	734	735	1597.71	-865199.11
-14.596810378657832	175.52674243929084		Point	123	366	0	735	738	1585.15	-865221.52
-14.59682961114737	175.52627158070925		Point	123	472	0	738	739	1557.24	-865222.66
-14.596987013890697	175.52582569062284		Point	123	548	0	739	740	1530.81	-865231.99
-14.597156563469522	175.52560687887785		Point	123	612	0	740	741	1517.84	-865242.04
-14.59780945587753	175.5255292740955		Point	123	746	0	741	742	1513.24	-865280.74
-14.598585672407053	175.52572058675457		Point	123	899	0	742	743	1524.58	-865326.75
-14.599307565588933	175.5256313412549		Point	123	1000	0	743	744	1519.29	-865369.54
-14.599602126349753	175.52558848991856		Point	124	0	0	744	746	1516.75	-865387
-14.599661342172807	175.52581911108695		Point	124	55	0	746	747	1530.42	-865390.51
-14.599661342172807	175.52581911108695		Point	124	55	47	747	747	1530.42	-865390.51
-14.599642784507465	175.5257841889349		Point	124	100	0	751	753	1528.35	-865389.41
-14.599642784507465	175.5257841889349		Point	124	100	22	753	755	1528.35	-865389.41
-14.599639747798587	175.5257641129151		Point	124	104	0	755	755	1527.16	-865389.23
-14.599620852721147	175.52575770208526		Point	124	234	0	759	761	1526.78	-865388.11
-14.599620852721147	175.52575770208526		Point	124	234	60	761	761	1526.78	-865388.11
-14.599620852721147	175.52575770208526		Point	124	234	99	763	764	1526.78	-865388.11
-14.599610730358231	175.52575938914575		Point	124	238	0	764	764	1526.88	-865387.51
-14.599552526771474	175.52612750574377		Point	125	0	0	766	767	1548.7	-865384.06
-14.59962017789695	175.5263166252242		Point	125	38	0	767	767	1559.91	-865388.07
-14.599822793861296	175.5265838556052		Point	125	148	0	768	769	1575.75	-865400.08
-14.599822793861296	175.5265838556052		Point	125	148	16	769	771	1575.75	-865400.08
-14.599822793861296	175.5265838556052		Point	125	148	77	771	772	1575.75	-865400.08
-14.60020204505851	175.52686441376397		Point	125	218	0	772	774	1592.38	-865422.56
-14.600303268687659	175.52698233929192		Point	125	236	0	774	774	1599.37	-865428.56
-14.60080112023702	175.52679693134453		Point	125	327	0	776	779	1588.38	-865458.07
-14.601193867918118	175.52713788626872		Point	126	0	0	779	781	1608.59	-865481.35
-14.60121242558346	175.5271677472393		Point	126	23	0	781	782	1610.36	-865482.45
-14.601268267285542	175.5273006876056		Point	126	67	0	783	784	1618.24	-865485.76
-14.601258144922626	175.52730558008102		Point	126	75	0	785	785	1618.53	-865485.16
-14.601185770027787	175.5272871911217		Point	126	114	0	787	788	1617.44	-865480.87
-14.601168899422927	175.52729056524268		Point	126	142	0	788	792	1617.64	-865479.87
-14.601164006947519	175.52733037987014		Point	126	206	0	793	794	1620	-865479.58
-14.60115894576606	175.527340333527		Point	126	246	0	794	796	1620.59	-865479.28
-14.601165694008007	175.52732717445522		Point	126	266	0	796	799	1619.81	-865479.68
-14.601214281349996	175.5272225767051		Point	126	362	0	799	802	1613.61	-865482.56
-14.60118880673666	175.52711629189452		Point	126	396	0	802	803	1607.31	-865481.05
-14.601127903853122	175.52697339787136		Point	126	442	0	803	805	1598.84	-865477.44
-14.601070375090558	175.52685547234339		Point	126	482	0	805	807	1591.85	-865474.03
-14.601067000969582	175.52685547234339		Point	127	0	0	807	809	1591.85	-865473.83
-14.601067000969582	175.52685547234339		Point	127	0	49	809	812	1591.85	-865473.83
-14.601067000969582	175.52685547234339		Point	127	0	66	812	812	1591.85	-865473.83
-14.601067000969582	175.52685547234339		Point	127	0	122	820	825	1591.85	-865473.83
-14.601067000969582	175.52685547234339		Point	127	0	190	825	830	1591.85	-865473.83
-14.601067000969582	175.52685547234339		Point	127	0	219	830	832	1591.85	-865473.83
-14.601067000969582	175.52685547234339		Point	127	0	269	832	842	1591.85	-865473.83
-14.601067000969582	175.52685547234339		Point	127	0	305	842	845	1591.85	-865473.83
-14.601067000969582	175.52685547234339		Point	127	0	387	845	852	1591.85	-865473.83
-14.601067000969582	175.52685547234339		Point	127	0	429	852	852	1591.85	-865473.83
-14.601067000969582	175.52685547234339		Point	128	0	0	855	857	1591.85	-865473.83
-14.601067000969582	175.52685547234339		Point	128	0	21	857	861	1591.85	-865473.83
-14.601067000969582	175.52685547234339		Point	128	0	78	861	866	1591.85	-865473.83
-14.601067000969582	175.52685547234339		Point	128	0	110	866	871	1591.85	-865473.83
-14.601067000969582	175.52685547234339		Point	128	0	158	871	871	1591.85	-865473.83
-14.601067000969582	175.52685547234339		Point	128	0	174	880	880	1591.85	-865473.83
-14.601070375090558	175.52686373893977		Point	128	7	0	1010	1022	1592.34	-865474.03
-14.6010771233325	175.52687200553615		Point	128	20	0	1022	1027	1592.83	-865474.43
-14.6010771233325	175.52687200553615		Point	128	20	37	1027	1031	1592.83	-865474.43
-14.6010771233325	175.52687200553615		Point	128	20	92	1031	1031	1592.83	-865474.43
-14.6010771233325	175.52687200553615		Point	128	20	170	1034	1034	1592.83	-865474.43
-14.6010771233325	175.52687200553615		Point	128	20	224	1035	1037	1592.83	-865474.43
-14.601095680997842	175.52687537965713		Point	128	42	0	1038	1039	1593.03	-865475.53
-14.601085727340974	175.5269052406277		Point	128	52	0	1039	1041	1594.8	-865474.94
-14.601077292038548	175.52691519428458		Point	128	81	0	1041	1051	1595.39	-865474.44
-14.601110864542216	175.52689866109182		Point	128	115	0	1051	1062	1594.41	-865476.43
-14.601051986131258	175.52691013310312		Point	128	143	0	1062	1069	1595.09	-865472.94
-14.601030223050996	175.5269135072241		Point	128	188	0	1069	1070	1595.29	-865471.65
-14.601030223050996	175.5269135072241		Point	128	188	31	1070	1080	1595.29	-865471.65
-14.601030223050996	175.5269135072241		Point	128	188	106	1080	1085	1595.29	-865471.65
-14.601030223050996	175.5269135072241		Point	128	188	192	1085	1085	1595.29	-865471.65
-14.601026680223972	175.52688685166842		Point	128	213	0	1087	1089	1593.71	-865471.44
-14.601122842671662	175.5269600700935		Point	128	255	0	1090	1092	1598.05	-865477.14
-14.60115675258743	175.5270597753682		Point	128	282	0	1093	1094	1603.96	-865479.15
-14.601200616160062	175.5271228714304		Point	128	309	0	1094	1096	1607.7	-865481.75
-14.601215799704432	175.52714126038967		Point	128	316	0	1096	1102	1608.79	-865482.65
-14.601173623192288	175.52711629189452		Point	128	373	0	1102	1103	1607.31	-865480.15
-14.601102597945834	175.52694353690075		Point	128	424	0	1103	1107	1597.07	-865475.94
-14.600934229309349	175.52689849238578		Point	128	501	0	1107	1109	1594.4	-865465.96
-14.600919045764979	175.52690338486119		Point	128	598	0	1109	1114	1594.69	-865465.06
-14.600919045764979	175.52685699069784		Point	128	673	0	1114	1116	1591.94	-865465.06
-14.600789310813619	175.52681363324334		Point	128	718	0	1116	1119	1589.37	-865457.37
-14.60069163001149	175.52680840335583		Point	128	767	0	1119	1121	1589.06	-865451.58
-14.600559027057308	175.52691789358136		Point	128	858	0	1121	1123	1595.55	-865443.72
-14.600463202021713	175.52698588211894		Point	128	904	0	1123	1126	1599.58	-865438.04
-14.600406010671245	175.52698419505845		Point	128	921	0	1126	1132	1599.48	-865434.65
-14.60030175033322	175.52701894850446		Point	128	968	0	1132	1136	1601.54	-865428.47
-14.600259742527122	175.52708524998155		Point	128	1032	0	1136	1139	1605.47	-865425.98
-14.600291796676354	175.52713670532637		Point	128	1097	0	1139	1141	1608.52	-865427.88
-14.600269864890038	175.52713181285097		Point	128	1149	0	1141	1148	1608.23	-865426.58
-14.600321657646953	175.5269492729064		Point	128	1204	0	1148	1150	1597.41	-865429.65
-14.600464889082199	175.5269742414016		Point	128	1287	0	1150	1153	1598.89	-865438.14
-14.60052528584759	175.52692784723823		Point	128	1318	0	1153	1160	1596.14	-865441.72
-14.600563919532716	175.52690456580353		Point	128	1395	0	1160	1162	1594.76	-865444.01
-14.60050166700079	175.52690793992448		Point	128	1421	0	1162	1164	1594.96	-865440.32
-14.600506728182244	175.52690625286402		Point	129	0	0	1164	1166	1594.86	-865440.62
-14.600520224666132	175.5268996733281		Point	129	25	0	1166	1175	1594.47	-865441.42
-14.600526972908074	175.52690793992448		Point	129	48	0	1175	1182	1594.96	-865441.82
-14.600537601389135	175.52691839969953		Point	129	52	0	1182	1182	1595.58	-865442.45
-14.60049677452538	175.52697761552258		Point	129	112	0	1184	1187	1599.09	-865440.03
-14.600414445973673	175.52699904119075		Point	129	135	0	1187	1196	1600.36	-865435.15
-14.600400949489785	175.52700578943265		Point	129	140	0	1196	1201	1600.76	-865434.35
-14.600370582401041	175.52699566706977		Point	129	205	0	1201	1203	1600.16	-865432.55
-14.60032671882841	175.52693931924952		Point	129	258	0	1203	1205	1596.82	-865429.95
-14.600326699111413	175.5269393120145		Point	129	258	21	1205	1205	1596.8195711462	-865429.948831281
-14.600337516015518	175.52692818465033		Point	129	262	0	1210	1210	1596.16	-865430.59
-14.600372095877159	175.52690119515782		Point	129	273	16	1211	1215	1594.560205996	-865432.639710839
-14.600361978392563	175.52691603781483		Point	129	283	0	1215	1219	1595.44	-865432.04
-14.600417820094643	175.52704222993918		Point	129	392	0	1221	1223	1602.92	-865435.35
-14.600411071852701	175.52704729112062		Point	130	0	0	1223	1232	1603.22	-865434.95
-14.600406010671245	175.52702890216133		Point	130	37	0	1232	1235	1602.13	-865434.65
-14.600406010671245	175.52705049653554		Point	130	82	0	1235	1237	1603.41	-865434.65
-14.600407697731729	175.52704880947505		Point	130	129	0	1237	1247	1603.31	-865434.75
-14.600419507155129	175.52703902452424		Point	130	133	0	1247	1247	1602.73	-865435.45
-14.600427942457559	175.5270489781811		Point	130	194	0	1250	1293	1603.32	-865435.95
-14.60043131657853	175.52704391699965		Point	130	201	0	1293	1296	1603.02	-865436.15
-14.600433003639015	175.52704222993918		Point	130	230	0	1296	1298	1602.92	-865436.25
-14.600406010671245	175.52698419505845		Point	130	329	0	1298	1300	1599.48	-865434.65
-14.600384078884927	175.52699077459434		Point	130	337	0	1300	1300	1599.87	-865433.35
-14.60035539885667	175.52699904119075		Point	130	346	0	1301	1304	1600.36	-865431.65
-14.600315078111057	175.52699077459434		Point	130	360	0	1304	1306	1599.87	-865429.26
-14.600331611303819	175.52688448978373		Point	130	401	0	1306	1310	1593.57	-865430.24
-14.600452573540652	175.52671865173798		Point	130	475	0	1310	1312	1583.74	-865437.41
-14.600521236902424	175.52661084857294		Point	131	0	0	1312	1315	1577.35	-865441.48
-14.60056813718393	175.5264731844373		Point	131	37	0	1315	1323	1569.19	-865444.26
-14.600874169956056	175.52633231488673		Point	131	126	0	1323	1332	1560.84	-865462.4
-14.600881424316144	175.52633147135649		Point	131	128	0	1332	1332	1560.79	-865462.83
-14.601064301672807	175.52632573535084		Point	131	259	0	1334	1337	1560.45	-865473.67
-14.601075942390159	175.5262992485012		Point	131	310	0	1337	1346	1558.88	-865474.36
-14.601062277200224	175.52613998999135		Point	131	377	0	1346	1347	1549.44	-865473.55
-14.601001374316684	175.52598579266294		Point	131	434	0	1348	1348	1540.3	-865469.94
-14.600873157719764	175.52580983225428		Point	131	511	0	1349	1350	1529.87	-865462.34
-14.600778851038607	175.52572024934247		Point	131	542	0	1351	1352	1524.56	-865456.75
-14.600810905187839	175.52583311368898		Point	131	651	0	1352	1354	1531.25	-865458.65
-14.600937434724274	175.5259741519456		Point	131	708	0	1354	1359	1539.61	-865466.15
-14.60093574766379	175.5259741519456		Point	132	0	0	1359	1362	1539.61	-865466.05
-14.600933048367011	175.52598933548998		Point	132	4	0	1362	1362	1540.51	-865465.89
-14.600433678463212	175.525676891888		Point	132	184	0	1363	1371	1521.99	-865436.29
-14.6001138117951	175.52562358077665		Point	132	271	0	1371	1373	1518.83	-865417.33
-14.600039749839773	175.52567503612147		Point	132	344	0	1373	1375	1521.88	-865412.94
-14.600038062779289	175.52567503612147		Point	132	358	0	1375	1378	1521.88	-865412.84
-14.600026422061937	175.52567334906098		Point	132	370	0	1378	1380	1521.78	-865412.15
-14.600070116928517	175.52567992859687		Point	132	454	0	1380	1384	1522.17	-865414.74
-14.600078552230949	175.5256716620005		Point	132	558	0	1385	1386	1521.68	-865415.24
-14.600080239291433	175.52567334906098		Point	132	596	0	1387	1387	1521.78	-865415.34
-14.600081926351917	175.52567334906098		Point	132	649	0	1388	1388	1521.78	-865415.44
-14.600088505887813	175.52563353443352		Point	132	680	0	1389	1389	1519.42	-865415.83
-14.600128826633425	175.5255987809875		Point	132	724	0	1390	1390	1517.36	-865418.22
-14.600186186689943	175.52564686221135		Point	132	770	0	1391	1391	1520.21	-865421.62
-14.600171171851619	175.52575466537638		Point	132	807	0	1392	1392	1526.6	-865420.73
-14.600158012779827	175.5258641556019		Point	132	860	0	1393	1394	1533.09	-865419.95
-14.599981546253014	175.5260050251525		Point	132	954	0	1395	1395	1541.44	-865409.49
-14.599954721991288	175.52609629512477		Point	132	1000	0	1396	1396	1546.85	-865407.9
-14.599939875859013	175.5262040982898		Point	132	1057	0	1397	1397	1553.24	-865407.02
-14.599744514254756	175.52621388324062		Point	132	1165	0	1398	1398	1553.82	-865395.44
-14.59978685947295	175.526298404971		Point	132	1206	0	1399	1399	1558.83	-865397.95
-14.599780279937058	175.52636487515412		Point	132	1265	0	1400	1400	1562.77	-865397.56
-14.599768470513656	175.52636150103314		Point	132	1273	0	1401	1402	1562.57	-865396.86
-14.599805417138295	175.52635154737627		Point	132	1338	0	1403	1403	1561.98	-865399.05
-14.599760035211224	175.52636150103314		Point	132	1359	0	1404	1404	1562.57	-865396.36
-14.599751599908798	175.52636318809363		Point	132	1370	0	1405	1405	1562.67	-865395.86
-14.599744851666854	175.52636487515412		Point	132	1377	0	1406	1406	1562.77	-865395.46
-14.59973810342491	175.5263665622146		Point	132	1384	0	1407	1407	1562.87	-865395.06
-14.59973810342491	175.5263665622146		Point	133	0	0	1408	1409	1562.87	-865395.06
-14.59973810342491	175.5263665235707		Point	133	0	25	1409	1411	1562.867709395	-865395.06
-14.59973810342491	175.52636649520406		Point	133	0	76	1411	1424	1562.8660279709	-865395.06
-14.59973810342491	175.5263664981925		Point	133	0	85	1424	1429	1562.8662051085	-865395.06
-14.599736416364422	175.52636808056903		Point	133	5	0	1430	1431	1562.96	-865394.96
-14.599736320255357	175.52636808056903		Point	133	5	13	1431	1431	1562.96	-865394.954303164
-14.599736322560926	175.52636808056903		Point	133	5	68	1432	1436	1562.96	-865394.954439826
-14.599733042243454	175.52636808056903		Point	133	10	0	1436	1440	1562.96	-865394.76
-14.59972983682853	175.52636976762952		Point	133	16	0	1441	1442	1563.06	-865394.57
-14.59972983682853	175.52636976762952		Point	133	16	14	1442	1442	1563.06	-865394.57
-14.59972983682853	175.52636976762952		Point	133	16	22	1443	1448	1563.06	-865394.57
-14.59972983682853	175.52636976762952		Point	133	16	37	1448	1448	1563.06	-865394.57
-14.59972983682853	175.52636976762952		Point	133	16	41	1450	1457	1563.06	-865394.57
-14.59972983682853	175.52636976762952		Point	133	17	0	1458	1459	1563.06	-865394.57
-14.599724775647074	175.52637145469		Point	133	23	0	1460	1463	1563.16	-865394.27
-14.599724775647074	175.52637145469		Point	133	25	0	1464	1464	1563.16	-865394.27
-14.599723088586588	175.52637145469		Point	133	27	0	1465	1466	1563.16	-865394.17
-14.599723088586588	175.52637145469		Point	134	0	0	1467	1470	1563.16	-865394.17
-14.599723088586588	175.52637145469		Point	134	0	18	1471	1473	1563.16	-865394.17
-14.599723088586588	175.52637145469		Point	134	0	30	1473	1473	1563.16	-865394.17
-14.599723088586588	175.52637145469		Point	134	0	51	1474	1482	1563.16	-865394.17
-14.599723088586588	175.52637145469		Point	134	0	79	1482	1482	1563.16	-865394.17
-14.599723088586588	175.52637145469		Point	134	2	0	1709	1709	1563.16	-865394.17
-14.599724269528926	175.5263690928053		Point	134	15	0	1714	1715	1563.02	-865394.24
-14.599724944353122	175.52636436903597		Point	134	25	0	1716	1716	1562.74	-865394.28
-14.599724775647074	175.52636335679966		Point	134	27	0	1717	1718	1562.68	-865394.27
-14.599724775647074	175.52636335679966		Point	134	31	0	1719	1720	1562.68	-865394.27
-14.599724775647074	175.52636318809363		Point	135	0	0	1721	1721	1562.67	-865394.27
-14.599724775647074	175.52636318809363		Point	135	8	0	1722	1723	1562.67	-865394.27
-14.599724775647074	175.52636318809363		Point	135	13	0	1724	1724	1562.67	-865394.27
-14.59972291988054	175.52636048879685		Point	135	18	0	1725	1763	1562.51	-865394.16
-14.5997214015261	175.52635812691216		Point	135	25	0	1763	1768	1562.37	-865394.07
-14.59972291988054	175.52635154737627		Point	135	55	0	1768	1772	1561.98	-865394.16
-14.599720726701907	175.52634631748876		Point	135	57	0	1772	1782	1561.67	-865394.03
-14.599679225013956	175.52635981397268		Point	135	89	0	1783	1793	1562.47	-865391.57
-14.599645652510286	175.52641126931746		Point	135	126	0	1794	1798	1565.52	-865389.58
-14.59964413415585	175.52641768014732		Point	135	128	0	1798	1798	1565.9	-865389.49
-14.599709760808748	175.52645766348084		Point	135	191	0	1799	1805	1568.27	-865393.38
-14.599709760808748	175.52645766348084		Point	135	193	0	1806	1806	1568.27	-865393.38
-14.59971313492972	175.52646272466228		Point	135	225	0	1807	1809	1568.57	-865393.58
-14.59971313492972	175.52644939688446		Point	135	248	0	1810	1811	1567.78	-865393.58
-14.599738440837008	175.52649427269338		Point	135	295	0	1811	1813	1570.44	-865395.08
-14.599768807925754	175.52652733907888		Point	135	434	0	1814	1816	1572.4	-865396.88
-14.599770494986238	175.5265290261394		Point	135	504	0	1817	1818	1572.5	-865396.98
-14.5997634093322	175.52651873507043		Point	135	617	0	1819	1820	1571.89	-865396.56
-14.59976205968381	175.52651569836155		Point	135	625	0	1821	1823	1571.71	-865396.48
-14.599755311441864	175.52654555933213		Point	135	708	0	1824	1825	1573.48	-865396.08
-14.599755311441864	175.5265489334531		Point	135	857	0	1826	1826	1573.68	-865396.08
-14.599755311441864	175.5265489334531		Point	135	863	0	1827	1829	1573.68	-865396.08
-14.599691203143406	175.52647925785504		Point	135	906	0	1830	1830	1569.55	-865392.28
-14.599642447095366	175.52650743176517		Point	136	0	0	1831	1831	1571.22	-865389.39
-14.599654256518765	175.5265040576442		Point	136	39	0	1832	1833	1571.02	-865390.09
-14.59962405813607	175.52652396495793		Point	136	74	0	1834	1836	1572.2	-865388.3
-14.599592003986839	175.52652227789744		Point	136	101	0	1837	1837	1572.1	-865386.4
-14.599592003986839	175.52651401130106		Point	136	133	0	1838	1839	1571.61	-865386.4
-14.599573446321497	175.52650743176517		Point	136	166	0	1840	1841	1571.22	-865385.3
-14.599560118543657	175.52653054449382		Point	136	232	0	1842	1843	1572.59	-865384.51
-14.599560118543657	175.52652565201842		Point	136	268	0	1843	1845	1572.3	-865384.51
-14.599560118543657	175.52652565201842		Point	136	272	0	1846	1847	1572.3	-865384.51
-14.599560118543657	175.52652565201842		Point	136	284	0	1848	1850	1572.3	-865384.51
-14.599517942031513	175.52646424301673		Point	136	318	0	1851	1854	1568.66	-865382.01
-14.599492130006078	175.52619380722086		Point	136	374	0	1854	1856	1552.63	-865380.48
-14.599370155532954	175.52579059976475		Point	136	476	0	1856	1858	1528.73	-865373.25
-14.599531438515399	175.52567638576986		Point	136	525	0	1858	1861	1521.96	-865382.81
-14.599546622059771	175.52566811917347		Point	136	529	0	1861	1861	1521.47	-865383.71
-14.599859234367791	175.5254393537716		Point	136	639	0	1867	1868	1507.91	-865402.24
-14.60008648141523	175.5253681598191		Point	137	0	0	1869	1870	1503.69	-865415.71
-14.600291627970304	175.52533846755455		Point	137	59	0	1870	1871	1501.93	-865427.87
-14.600348988026822	175.52538334336347		Point	137	88	0	1871	1886	1504.59	-865431.27
-14.600357423329253	175.5253733897066		Point	137	130	0	1886	1889	1504	-865431.77
-14.600369401458702	175.52537659512154		Point	137	166	0	1890	1891	1504.19	-865432.48
-14.60036366545305	175.52537524547313		Point	137	178	0	1891	1892	1504.11	-865432.14
-14.60036366545305	175.52537524547313		Point	137	180	0	1893	1893	1504.11	-865432.14
-14.600362484510708	175.5253733897066		Point	137	195	0	1895	1897	1504	-865432.07
-14.600361978392563	175.52537322100056		Point	137	202	0	1898	1898	1503.99	-865432.04
-14.60036113486232	175.52537288358846		Point	137	231	0	1900	1908	1503.97	-865431.99
-14.60036113486232	175.52537288358846		Point	137	232	0	1908	1913	1503.97	-865431.99
-14.60036113486232	175.52537288358846		Point	137	233	0	1913	1916	1503.97	-865431.99
-14.60036113486232	175.52537288358846		Point	137	234	0	1916	1933	1503.97	-865431.99
-14.60036113486232	175.52537288358846		Point	137	235	0	1933	1933	1503.97	-865431.99
-14.60036113486232	175.52537288358846		Point	137	249	284	1963	1963	1503.97	-865431.99
-14.60036113486232	175.52537288358846		Point	138	0	1	2072	2072	1503.97	-865431.99
-14.60036113486232	175.5253730522945		Point	138	4	0	2079	2088	1503.98	-865431.99
-14.60036113486232	175.5253730522945		Point	138	5	0	2088	2088	1503.98	-865431.99
-14.600360966156272	175.52537288358846		Point	138	6	0	2090	2090	1503.97	-865431.98
-14.600360797450223	175.52537288358846		Point	138	8	0	2092	2092	1503.97	-865431.97
-14.600360797450223	175.52537288358846		Point	138	14	0	2095	2095	1503.97	-865431.97
-14.600360797450223	175.52537288358846		Point	138	15	0	2099	2099	1503.97	-865431.97
-14.600360797450223	175.52537288358846		Point	138	32	1	2104	2104	1503.97	-865431.97
-14.600360797450223	175.52537288358846		Point	138	36	0	2105	2109	1503.97	-865431.97
-14.600360797450223	175.52537288358846		Point	138	56	0	2109	2109	1503.97	-865431.97
-14.600360797450223	175.52537288358846		Point	138	60	0	2110	2113	1503.97	-865431.97
-14.600360797450223	175.52537288358846		Point	138	70	0	2113	2117	1503.97	-865431.97
-14.600360797450223	175.52537288358846		Point	138	81	0	2117	2117	1503.97	-865431.97
-14.600360797450223	175.52537288358846		Point	138	92	0	2118	2118	1503.97	-865431.97
-14.600360628744173	175.52537288358846		Point	138	96	0	2120	2120	1503.97	-865431.96
-14.600360797450223	175.52537288358846		Point	138	130	0	2122	2122	1503.97	-865431.97
-14.600360628744173	175.52537288358846		Point	138	146	0	2126	2129	1503.97	-865431.96
-14.600360628744173	175.52537288358846		Point	138	147	0	2130	2130	1503.97	-865431.96
-14.600360797450223	175.5253730522945		Point	138	149	0	2132	2132	1503.98	-865431.97
-14.600360628744173	175.5253727148824		Point	138	170	0	2136	2138	1503.96	-865431.96
-14.600360460038125	175.5253727148824		Point	138	199	0	2138	2138	1503.96	-865431.95
-14.600360291332075	175.5253727148824		Point	138	216	0	2140	2140	1503.96	-865431.94
-14.600360291332075	175.5253727148824		Point	138	224	0	2143	2143	1503.96	-865431.94
-14.600360797450223	175.5253730522945		Point	138	289	0	2145	2147	1503.98	-865431.97
-14.60036113486232	175.52537322100056		Point	138	349	0	2147	2147	1503.99	-865431.99
-14.600361640980468	175.5253733897066		Point	138	412	0	2150	2151	1504	-865432.02
-14.600361640980468	175.5253733897066		Point	138	413	0	2151	2151	1504	-865432.02
-14.600362147098613	175.52537355841264		Point	138	484	0	2152	2154	1504.01	-865432.05
-14.600363496746999	175.5253744019429		Point	138	656	0	2154	2156	1504.06	-865432.13
-14.60036450898329	175.5253750767671		Point	138	789	0	2156	2158	1504.1	-865432.19
-14.600365352513535	175.52537608900337		Point	138	923	0	2158	2161	1504.16	-865432.24
-14.600365521219585	175.52537625770944		Point	138	1008	0	2161	2165	1504.17	-865432.25
-14.60036585863168	175.52537659512154		Point	138	1110	0	2165	2169	1504.19	-865432.27
-14.60036585863168	175.52537659512154		Point	138	1230	0	2169	2209	1504.19	-865432.27
